{
    "Mean_MAE": 0.02436106718145311,
    "Mean_RMSE": 0.033508865339816896,
    "Mean_PSNR": 29.999090487931014,
    "Mean_SSIM": 0.9754949036008109
}