{
    "Mean_MAE": 0.003507534300442785,
    "Mean_RMSE": 0.004658732328579256,
    "Mean_PSNR": 46.88456085550046,
    "Mean_SSIM": 0.998331294124899
}